person_id,time_in_seconds,start_floor,dest_floor,weight
1,32124.899317441985,1,3,62.37129601148311
1,45869.537461361666,3,1,62.37129601148311
1,47173.246329158654,1,3,62.37129601148311
1,63125.14455948006,3,1,62.37129601148311
