person_id,time_in_seconds,start_floor,dest_floor,weight
1,35877.87333475531,1,5,72.55218422834042
1,39290.72607886322,5,6,72.55218422834042
1,47368.86556562043,6,5,72.55218422834042
1,48806.22207493686,5,1,72.55218422834042
1,50991.51795944069,1,5,72.55218422834042
1,59709.97644875139,5,1,72.55218422834042
